prompt_id,framework,role,arxiv_ref,auc_baseline,auc_llm_enhanced,delta_auc,lift_pct
P1,HypoGeniC,Hypothesis generation,2404,0.9980498833150655,0.9986527370029034,0.0006028536878378565,0.060403161997820407
P2,CAAFE,Semantic feature engineering,2024,0.9980498833150655,0.9986527370029034,0.0006028536878378565,0.060403161997820407
P3,XAIstories,SHAP-to-narrative translator,2025,0.9980498833150655,0.9986527370029034,0.0006028536878378565,0.060403161997820407
