customer_type,n_invoices,mean_aov_gbp,median_aov_gbp,sem_aov_gbp,total_revenue_gbp,mwu_stat,mwu_p_value,effect_size_r
Guest (Anonymous),2929,919.7316182997611,185.04,45.933152028376085,2693893.91,46748645.0,8.376395384821185e-31,0.1279304856693093
Named (Identified),36604,476.1613031301868,304.5299994,7.181462150844688,17429408.339777358,46748645.0,8.376395384821185e-31,0.1279304856693093
