decile,predicted,actual
0,0.28805205157661834,0.39274924471299094
1,0.5976794792513521,0.703030303030303
2,0.8030595040536308,0.696969696969697
3,1.0491621958449413,0.9787878787878788
4,1.3299976973256762,1.1873111782477341
5,1.6325804778760258,1.5818181818181818
6,2.017921036722452,1.790909090909091
7,2.5525393862212096,2.493939393939394
8,3.488806510940966,3.4545454545454546
9,7.52826293074405,8.818731117824774
