index,p_alive
count,3303.0
mean,0.7659908276277867
std,0.23620341125276823
min,1.224871807851417e-05
25%,0.6422999622281904
50%,0.8636439012500324
75%,0.9515845771133972
max,0.9985699792070767
