covariate,HR,CI_low,CI_high,p_val
IsUK,0.8684939736078742,0.7693970897023678,0.9803543479544223,0.02255166744040258
AOV,1.0000079475694337,0.9999628224052465,1.000053074769977,0.7299531208646068
NumTransactions,1.0143891489222625,1.0105930181827871,1.018199539218584,8.118452401275054e-14
behavioral_entropy,1.8148079058969158,1.5406854506419727,2.1377028866817698,9.796907724931555e-13
